"Drone mean charge";"Drone max charge";"Drone min charge";"tick"
1.0;1.0;1.0;1.0
0.9986111111111111;0.9986111111111111;0.9986111111111111;3.0
0.9958333333333333;0.9958333333333333;0.9958333333333333;5.0
0.9930555555555556;0.9930555555555556;0.9930555555555556;7.0
0.9902777777777778;0.9902777777777778;0.9902777777777778;9.0
0.9875;0.9875;0.9875;11.0
0.9847222222222223;0.9847222222222223;0.9847222222222223;13.0
0.9819444444444445;0.9819444444444445;0.9819444444444445;15.0
0.9791666666666667;0.9791666666666667;0.9791666666666667;17.0
0.976388888888889;0.976388888888889;0.976388888888889;19.0
0.9736111111111112;0.9736111111111112;0.9736111111111112;21.0
0.9708333333333334;0.9708333333333334;0.9708333333333334;23.0
0.9680555555555557;0.9680555555555557;0.9680555555555557;25.0
0.9652777777777779;0.9652777777777779;0.9652777777777779;27.0
0.9625000000000001;0.9625000000000001;0.9625000000000001;29.0
0.9597222222222224;0.9597222222222224;0.9597222222222224;31.0
0.9569444444444446;0.9569444444444446;0.9569444444444446;33.0
0.9541666666666668;0.9541666666666668;0.9541666666666668;35.0
0.9513888888888891;0.9513888888888891;0.9513888888888891;37.0
0.9486111111111113;0.9486111111111113;0.9486111111111113;39.0
0.9458333333333335;0.9458333333333335;0.9458333333333335;41.0
0.9430555555555558;0.9430555555555558;0.9430555555555558;43.0
0.940277777777778;0.940277777777778;0.940277777777778;45.0
0.9375000000000002;0.9375000000000002;0.9375000000000002;47.0
0.9347222222222225;0.9347222222222225;0.9347222222222225;49.0
0.9319444444444447;0.9319444444444447;0.9319444444444447;51.0
0.9291666666666669;0.9291666666666669;0.9291666666666669;53.0
0.9263888888888892;0.9263888888888892;0.9263888888888892;55.0
0.9236111111111114;0.9236111111111114;0.9236111111111114;57.0
0.9208333333333336;0.9208333333333336;0.9208333333333336;59.0
0.9180555555555558;0.9180555555555558;0.9180555555555558;61.0
0.9152777777777781;0.9152777777777781;0.9152777777777781;63.0
0.9125000000000003;0.9125000000000003;0.9125000000000003;65.0
0.9097222222222225;0.9097222222222225;0.9097222222222225;67.0
0.9069444444444448;0.9069444444444448;0.9069444444444448;69.0
0.904166666666667;0.904166666666667;0.904166666666667;71.0
0.9013888888888892;0.9013888888888892;0.9013888888888892;73.0
0.8986111111111115;0.8986111111111115;0.8986111111111115;75.0
0.8958333333333337;0.8958333333333337;0.8958333333333337;77.0
0.8930555555555559;0.8930555555555559;0.8930555555555559;79.0
0.8902777777777782;0.8902777777777782;0.8902777777777782;81.0
0.8875000000000004;0.8875000000000004;0.8875000000000004;83.0
0.8847222222222226;0.8847222222222226;0.8847222222222226;85.0
0.8819444444444449;0.8819444444444449;0.8819444444444449;87.0
0.8791666666666671;0.8791666666666671;0.8791666666666671;89.0
0.8763888888888893;0.8763888888888893;0.8763888888888893;91.0
0.8736111111111116;0.8736111111111116;0.8736111111111116;93.0
0.8708333333333338;0.8708333333333338;0.8708333333333338;95.0
0.868055555555556;0.868055555555556;0.868055555555556;97.0
0.8652777777777783;0.8652777777777783;0.8652777777777783;99.0
0.8625000000000005;0.8625000000000005;0.8625000000000005;101.0
0.8597222222222227;0.8597222222222227;0.8597222222222227;103.0
0.856944444444445;0.856944444444445;0.856944444444445;105.0
0.8541666666666672;0.8541666666666672;0.8541666666666672;107.0
0.8513888888888894;0.8513888888888894;0.8513888888888894;109.0
0.8486111111111116;0.8486111111111116;0.8486111111111116;111.0
0.8458333333333339;0.8458333333333339;0.8458333333333339;113.0
0.8430555555555561;0.8430555555555561;0.8430555555555561;115.0
0.8402777777777783;0.8402777777777783;0.8402777777777783;117.0
0.8375000000000006;0.8375000000000006;0.8375000000000006;119.0
0.8347222222222228;0.8347222222222228;0.8347222222222228;121.0
0.831944444444445;0.831944444444445;0.831944444444445;123.0
0.8291666666666673;0.8291666666666673;0.8291666666666673;125.0
0.8263888888888895;0.8263888888888895;0.8263888888888895;127.0
0.8236111111111117;0.8236111111111117;0.8236111111111117;129.0
0.820833333333334;0.820833333333334;0.820833333333334;131.0
0.8180555555555562;0.8180555555555562;0.8180555555555562;133.0
0.8152777777777784;0.8152777777777784;0.8152777777777784;135.0
0.8125000000000007;0.8125000000000007;0.8125000000000007;137.0
0.8097222222222229;0.8097222222222229;0.8097222222222229;139.0
0.8069444444444451;0.8069444444444451;0.8069444444444451;141.0
0.8041666666666674;0.8041666666666674;0.8041666666666674;143.0
0.8013888888888896;0.8013888888888896;0.8013888888888896;145.0
0.7986111111111118;0.7986111111111118;0.7986111111111118;147.0
0.7958333333333341;0.7958333333333341;0.7958333333333341;149.0
0.7930555555555563;0.7930555555555563;0.7930555555555563;151.0
0.7902777777777785;0.7902777777777785;0.7902777777777785;153.0
0.7875000000000008;0.7875000000000008;0.7875000000000008;155.0
0.784722222222223;0.784722222222223;0.784722222222223;157.0
0.7819444444444452;0.7819444444444452;0.7819444444444452;159.0
0.7791666666666675;0.7791666666666675;0.7791666666666675;161.0
0.7763888888888897;0.7763888888888897;0.7763888888888897;163.0
0.7736111111111119;0.7736111111111119;0.7736111111111119;165.0
0.7708333333333341;0.7708333333333341;0.7708333333333341;167.0
0.7680555555555564;0.7680555555555564;0.7680555555555564;169.0
0.7652777777777786;0.7652777777777786;0.7652777777777786;171.0
0.7625000000000008;0.7625000000000008;0.7625000000000008;173.0
0.7597222222222231;0.7597222222222231;0.7597222222222231;175.0
0.7569444444444453;0.7569444444444453;0.7569444444444453;177.0
0.7541666666666675;0.7541666666666675;0.7541666666666675;179.0
0.7513888888888898;0.7513888888888898;0.7513888888888898;181.0
0.748611111111112;0.748611111111112;0.748611111111112;183.0
0.7458333333333342;0.7458333333333342;0.7458333333333342;185.0
0.7430555555555565;0.7430555555555565;0.7430555555555565;187.0
0.7402777777777787;0.7402777777777787;0.7402777777777787;189.0
0.7375000000000009;0.7375000000000009;0.7375000000000009;191.0
0.7347222222222232;0.7347222222222232;0.7347222222222232;193.0
0.7319444444444454;0.7319444444444454;0.7319444444444454;195.0
0.7291666666666676;0.7291666666666676;0.7291666666666676;197.0
0.7263888888888899;0.7263888888888899;0.7263888888888899;199.0
0.7236111111111121;0.7236111111111121;0.7236111111111121;201.0
0.7208333333333343;0.7208333333333343;0.7208333333333343;203.0
0.7180555555555566;0.7180555555555566;0.7180555555555566;205.0
0.7152777777777788;0.7152777777777788;0.7152777777777788;207.0
0.712500000000001;0.712500000000001;0.712500000000001;209.0
0.7097222222222233;0.7097222222222233;0.7097222222222233;211.0
0.7069444444444455;0.7069444444444455;0.7069444444444455;213.0
0.7041666666666677;0.7041666666666677;0.7041666666666677;215.0
0.70138888888889;0.70138888888889;0.70138888888889;217.0
0.6986111111111122;0.6986111111111122;0.6986111111111122;219.0
0.6958333333333344;0.6958333333333344;0.6958333333333344;221.0
0.6930555555555566;0.6930555555555566;0.6930555555555566;223.0
0.6902777777777789;0.6902777777777789;0.6902777777777789;225.0
0.6875000000000011;0.6875000000000011;0.6875000000000011;227.0
0.6847222222222233;0.6847222222222233;0.6847222222222233;229.0
0.6819444444444456;0.6819444444444456;0.6819444444444456;231.0
0.6791666666666678;0.6791666666666678;0.6791666666666678;233.0
0.67638888888889;0.67638888888889;0.67638888888889;235.0
0.6736111111111123;0.6736111111111123;0.6736111111111123;237.0
0.6708333333333345;0.6708333333333345;0.6708333333333345;239.0
0.6680555555555567;0.6680555555555567;0.6680555555555567;241.0
0.665277777777779;0.665277777777779;0.665277777777779;243.0
0.6625000000000012;0.6625000000000012;0.6625000000000012;245.0
0.6597222222222234;0.6597222222222234;0.6597222222222234;247.0
0.6569444444444457;0.6569444444444457;0.6569444444444457;249.0
0.6541666666666679;0.6541666666666679;0.6541666666666679;251.0
0.6513888888888901;0.6513888888888901;0.6513888888888901;253.0
0.6486111111111124;0.6486111111111124;0.6486111111111124;255.0
0.6458333333333346;0.6458333333333346;0.6458333333333346;257.0
0.6430555555555568;0.6430555555555568;0.6430555555555568;259.0
0.6402777777777791;0.6402777777777791;0.6402777777777791;261.0
0.6375000000000013;0.6375000000000013;0.6375000000000013;263.0
0.6347222222222235;0.6347222222222235;0.6347222222222235;265.0
0.6319444444444458;0.6319444444444458;0.6319444444444458;267.0
0.629166666666668;0.629166666666668;0.629166666666668;269.0
0.6263888888888902;0.6263888888888902;0.6263888888888902;271.0
0.6236111111111124;0.6236111111111124;0.6236111111111124;273.0
0.6208333333333347;0.6208333333333347;0.6208333333333347;275.0
0.6180555555555569;0.6180555555555569;0.6180555555555569;277.0
0.6152777777777791;0.6152777777777791;0.6152777777777791;279.0
0.6125000000000014;0.6125000000000014;0.6125000000000014;281.0
0.6097222222222236;0.6097222222222236;0.6097222222222236;283.0
0.6069444444444458;0.6069444444444458;0.6069444444444458;285.0
0.6041666666666681;0.6041666666666681;0.6041666666666681;287.0
0.6013888888888903;0.6013888888888903;0.6013888888888903;289.0
0.5986111111111125;0.5986111111111125;0.5986111111111125;291.0
0.5958333333333348;0.5958333333333348;0.5958333333333348;293.0
0.593055555555557;0.593055555555557;0.593055555555557;295.0
0.5902777777777792;0.5902777777777792;0.5902777777777792;297.0
0.5875000000000015;0.5875000000000015;0.5875000000000015;299.0
0.5847222222222237;0.5847222222222237;0.5847222222222237;301.0
0.5819444444444459;0.5819444444444459;0.5819444444444459;303.0
0.5791666666666682;0.5791666666666682;0.5791666666666682;305.0
0.5763888888888904;0.5763888888888904;0.5763888888888904;307.0
0.5736111111111126;0.5736111111111126;0.5736111111111126;309.0
0.5708333333333349;0.5708333333333349;0.5708333333333349;311.0
0.5680555555555571;0.5680555555555571;0.5680555555555571;313.0
0.5652777777777793;0.5652777777777793;0.5652777777777793;315.0
0.5625000000000016;0.5625000000000016;0.5625000000000016;317.0
0.5597222222222238;0.5597222222222238;0.5597222222222238;319.0
0.556944444444446;0.556944444444446;0.556944444444446;321.0
0.5541666666666683;0.5541666666666683;0.5541666666666683;323.0
0.5513888888888905;0.5513888888888905;0.5513888888888905;325.0
0.5486111111111127;0.5486111111111127;0.5486111111111127;327.0
0.545833333333335;0.545833333333335;0.545833333333335;329.0
0.5430555555555572;0.5430555555555572;0.5430555555555572;331.0
0.5402777777777794;0.5402777777777794;0.5402777777777794;333.0
0.5375000000000016;0.5375000000000016;0.5375000000000016;335.0
0.5347222222222239;0.5347222222222239;0.5347222222222239;337.0
0.5319444444444461;0.5319444444444461;0.5319444444444461;339.0
0.5291666666666683;0.5291666666666683;0.5291666666666683;341.0
0.5263888888888906;0.5263888888888906;0.5263888888888906;343.0
0.5236111111111128;0.5236111111111128;0.5236111111111128;345.0
0.520833333333335;0.520833333333335;0.520833333333335;347.0
0.5180555555555573;0.5180555555555573;0.5180555555555573;349.0
0.5152777777777795;0.5152777777777795;0.5152777777777795;351.0
0.5125000000000017;0.5125000000000017;0.5125000000000017;353.0
0.509722222222224;0.509722222222224;0.509722222222224;355.0
0.5069444444444462;0.5069444444444462;0.5069444444444462;357.0
0.5041666666666684;0.5041666666666684;0.5041666666666684;359.0
0.5013888888888907;0.5013888888888907;0.5013888888888907;361.0
0.4986111111111129;0.4986111111111129;0.4986111111111129;363.0
0.4958333333333351;0.4958333333333351;0.4958333333333351;365.0
0.49305555555555736;0.49305555555555736;0.49305555555555736;367.0
0.4902777777777796;0.4902777777777796;0.4902777777777796;369.0
0.4875000000000018;0.4875000000000018;0.4875000000000018;371.0
0.48472222222222405;0.48472222222222405;0.48472222222222405;373.0
0.4819444444444463;0.4819444444444463;0.4819444444444463;375.0
0.4791666666666685;0.4791666666666685;0.4791666666666685;377.0
0.47638888888889075;0.47638888888889075;0.47638888888889075;379.0
0.473611111111113;0.473611111111113;0.473611111111113;381.0
0.4708333333333352;0.4708333333333352;0.4708333333333352;383.0
0.46805555555555745;0.46805555555555745;0.46805555555555745;385.0
0.4652777777777797;0.4652777777777797;0.4652777777777797;387.0
0.4625000000000019;0.4625000000000019;0.4625000000000019;389.0
0.45972222222222414;0.45972222222222414;0.45972222222222414;391.0
0.4569444444444464;0.4569444444444464;0.4569444444444464;393.0
0.4541666666666686;0.4541666666666686;0.4541666666666686;395.0
0.45138888888889084;0.45138888888889084;0.45138888888889084;397.0
0.44861111111111307;0.44861111111111307;0.44861111111111307;399.0
0.4458333333333353;0.4458333333333353;0.4458333333333353;401.0
0.44305555555555753;0.44305555555555753;0.44305555555555753;403.0
0.44027777777777977;0.44027777777777977;0.44027777777777977;405.0
0.437500000000002;0.437500000000002;0.437500000000002;407.0
0.43472222222222423;0.43472222222222423;0.43472222222222423;409.0
0.43194444444444646;0.43194444444444646;0.43194444444444646;411.0
0.4291666666666687;0.4291666666666687;0.4291666666666687;413.0
0.4263888888888909;0.4263888888888909;0.4263888888888909;415.0
0.42361111111111316;0.42361111111111316;0.42361111111111316;417.0
0.4208333333333354;0.4208333333333354;0.4208333333333354;419.0
0.4180555555555576;0.4180555555555576;0.4180555555555576;421.0
0.41527777777777986;0.41527777777777986;0.41527777777777986;423.0
0.4125000000000021;0.4125000000000021;0.4125000000000021;425.0
0.4097222222222243;0.4097222222222243;0.4097222222222243;427.0
0.40694444444444655;0.40694444444444655;0.40694444444444655;429.0
0.4041666666666688;0.4041666666666688;0.4041666666666688;431.0
0.401388888888891;0.401388888888891;0.401388888888891;433.0
0.39861111111111325;0.39861111111111325;0.39861111111111325;435.0
0.3958333333333355;0.3958333333333355;0.3958333333333355;437.0
0.3930555555555577;0.3930555555555577;0.3930555555555577;439.0
0.39027777777777994;0.39027777777777994;0.39027777777777994;441.0
0.3875000000000022;0.3875000000000022;0.3875000000000022;443.0
0.3847222222222244;0.3847222222222244;0.3847222222222244;445.0
0.38194444444444664;0.38194444444444664;0.38194444444444664;447.0
0.3791666666666689;0.3791666666666689;0.3791666666666689;449.0
0.3763888888888911;0.3763888888888911;0.3763888888888911;451.0
0.37361111111111334;0.37361111111111334;0.37361111111111334;453.0
0.37083333333333557;0.37083333333333557;0.37083333333333557;455.0
0.3680555555555578;0.3680555555555578;0.3680555555555578;457.0
0.36527777777778003;0.36527777777778003;0.36527777777778003;459.0
0.36250000000000226;0.36250000000000226;0.36250000000000226;461.0
0.3597222222222245;0.3597222222222245;0.3597222222222245;463.0
0.35694444444444673;0.35694444444444673;0.35694444444444673;465.0
0.35416666666666896;0.35416666666666896;0.35416666666666896;467.0
0.3513888888888912;0.3513888888888912;0.3513888888888912;469.0
0.3486111111111134;0.3486111111111134;0.3486111111111134;471.0
0.34583333333333566;0.34583333333333566;0.34583333333333566;473.0
0.3430555555555579;0.3430555555555579;0.3430555555555579;475.0
0.3402777777777801;0.3402777777777801;0.3402777777777801;477.0
0.33750000000000235;0.33750000000000235;0.33750000000000235;479.0
0.3347222222222246;0.3347222222222246;0.3347222222222246;481.0
0.3319444444444468;0.3319444444444468;0.3319444444444468;483.0
0.32916666666666905;0.32916666666666905;0.32916666666666905;485.0
0.3263888888888913;0.3263888888888913;0.3263888888888913;487.0
0.3236111111111135;0.3236111111111135;0.3236111111111135;489.0
0.32083333333333575;0.32083333333333575;0.32083333333333575;491.0
0.318055555555558;0.318055555555558;0.318055555555558;493.0
0.3152777777777802;0.3152777777777802;0.3152777777777802;495.0
0.31250000000000244;0.31250000000000244;0.31250000000000244;497.0
0.3097222222222247;0.3097222222222247;0.3097222222222247;499.0
0.3069444444444469;0.3069444444444469;0.3069444444444469;501.0
0.30416666666666914;0.30416666666666914;0.30416666666666914;503.0
0.30138888888889137;0.30138888888889137;0.30138888888889137;505.0
0.2986111111111136;0.2986111111111136;0.2986111111111136;507.0
0.29583333333333584;0.29583333333333584;0.29583333333333584;509.0
0.29305555555555807;0.29305555555555807;0.29305555555555807;511.0
0.2902777777777803;0.2902777777777803;0.2902777777777803;513.0
0.28750000000000253;0.28750000000000253;0.28750000000000253;515.0
0.28472222222222476;0.28472222222222476;0.28472222222222476;517.0
0.281944444444447;0.281944444444447;0.281944444444447;519.0
0.2791666666666692;0.2791666666666692;0.2791666666666692;521.0
0.27638888888889146;0.27638888888889146;0.27638888888889146;523.0
0.2736111111111137;0.2736111111111137;0.2736111111111137;525.0
0.2708333333333359;0.2708333333333359;0.2708333333333359;527.0
0.26805555555555816;0.26805555555555816;0.26805555555555816;529.0
0.2652777777777804;0.2652777777777804;0.2652777777777804;531.0
0.2625000000000026;0.2625000000000026;0.2625000000000026;533.0
0.25972222222222485;0.25972222222222485;0.25972222222222485;535.0
0.2569444444444471;0.2569444444444471;0.2569444444444471;537.0
0.2541666666666693;0.2541666666666693;0.2541666666666693;539.0
0.25138888888889155;0.25138888888889155;0.25138888888889155;541.0
0.24861111111111378;0.24861111111111378;0.24861111111111378;543.0
0.24635416666666934;0.25000000000000266;0.245833333333336;545.0
0.24461805555555824;0.2555555555555582;0.24305555555555824;547.0
0.24288194444444713;0.26111111111111374;0.24027777777778048;549.0
0.24114583333333603;0.26666666666666927;0.2375000000000027;551.0
0.23940972222222492;0.2722222222222248;0.23472222222222494;553.0
0.23767361111111382;0.27777777777778034;0.23194444444444717;555.0
0.23593750000000271;0.2833333333333359;0.2291666666666694;557.0
0.2342013888888916;0.2888888888888914;0.22638888888889164;559.0
0.2324652777777805;0.29444444444444695;0.22361111111111387;561.0
0.23177083333333606;0.3000000000000025;0.2208333333333361;563.0
0.23107638888889162;0.305555555555558;0.21805555555555833;565.0
0.23038194444444718;0.31111111111111356;0.21527777777778057;567.0
0.22968750000000274;0.3166666666666691;0.2125000000000028;569.0
0.2289930555555583;0.32222222222222463;0.20972222222222503;571.0
0.22881944444444718;0.32777777777778017;0.20694444444444726;573.0
0.2291666666666694;0.3333333333333357;0.2041666666666695;575.0
0.22951388888889163;0.33888888888889124;0.20138888888889173;577.0
0.2309027777777805;0.3444444444444468;0.19861111111111396;579.0
0.2322916666666694;0.3500000000000023;0.1958333333333362;581.0
0.23385416666666942;0.35555555555555785;0.19305555555555842;583.0
0.2355902777777805;0.3611111111111134;0.19027777777778065;585.0
0.23732638888889157;0.3666666666666689;0.1875000000000029;587.0
0.2390625000000027;0.37222222222222445;0.18472222222222512;589.0
0.2407986111111138;0.37777777777778;0.18194444444444735;591.0
0.2425347222222249;0.3833333333333355;0.17916666666666958;593.0
0.24427083333333602;0.38888888888889106;0.17638888888889181;595.0
0.24600694444444712;0.3944444444444466;0.17361111111111405;597.0
0.2487847222222249;0.40000000000000213;0.17083333333333628;599.0
0.2515625000000027;0.40555555555555767;0.1680555555555585;601.0
0.25434027777778045;0.4111111111111132;0.16527777777778074;603.0
0.2571180555555582;0.41666666666666874;0.16250000000000298;605.0
0.259895833333336;0.4222222222222243;0.1597222222222252;607.0
0.26267361111111376;0.4277777777777798;0.15694444444444744;609.0
0.2654513888888915;0.43333333333333535;0.15416666666666967;611.0
0.2682291666666693;0.4388888888888909;0.1513888888888919;613.0
0.27100694444444706;0.4444444444444464;0.14861111111111414;615.0
0.27378472222222483;0.45000000000000195;0.14583333333333637;617.0
0.27656250000000254;0.4555555555555575;0.1430555555555586;619.0
0.27934027777778037;0.461111111111113;0.14027777777778083;621.0
0.28211805555555813;0.46666666666666856;0.13750000000000306;623.0
0.2848958333333359;0.4722222222222241;0.1347222222222253;625.0
0.28767361111111367;0.47777777777777963;0.13194444444444753;627.0
0.29045138888889144;0.48333333333333517;0.12916666666666976;629.0
0.2932291666666692;0.4888888888888907;0.126388888888892;631.0
0.296006944444447;0.49444444444444624;0.12361111111111422;633.0
0.29878472222222474;0.5000000000000018;0.12083333333333646;635.0
0.3015625000000025;0.5055555555555573;0.11805555555555869;637.0
0.3043402777777803;0.5111111111111128;0.11527777777778092;639.0
0.30711805555555804;0.5166666666666684;0.11250000000000315;641.0
0.30989583333333576;0.5222222222222239;0.10972222222222539;643.0
0.3126736111111136;0.5277777777777795;0.10694444444444762;645.0
0.31545138888889135;0.533333333333335;0.10416666666666985;647.0
0.31822916666666906;0.5388888888888905;0.10138888888889208;649.0
0.3210069444444469;0.5444444444444461;0.09861111111111431;651.0
0.32378472222222465;0.5500000000000016;0.09583333333333655;653.0
0.3265625000000024;0.5555555555555571;0.09305555555555878;655.0
0.3293402777777802;0.5611111111111127;0.09027777777778101;657.0
0.33211805555555796;0.5666666666666682;0.08750000000000324;659.0
0.3348958333333357;0.5722222222222237;0.08472222222222547;661.0
0.3376736111111135;0.5777777777777793;0.0819444444444477;663.0
0.34045138888889126;0.5833333333333348;0.07916666666666994;665.0
0.343229166666669;0.5888888888888903;0.07638888888889217;667.0
0.3460069444444468;0.5944444444444459;0.0736111111111144;669.0
0.34878472222222456;0.6000000000000014;0.07083333333333663;671.0
0.3515625000000023;0.605555555555557;0.06805555555555887;673.0
0.3543402777777801;0.6111111111111125;0.0652777777777811;675.0
0.35711805555555787;0.616666666666668;0.06250000000000333;677.0
0.3598958333333356;0.6222222222222236;0.05972222222222555;679.0
0.3626736111111134;0.6277777777777791;0.05694444444444777;681.0
0.36545138888889117;0.6333333333333346;0.054166666666669985;683.0
0.36822916666666894;0.6388888888888902;0.051388888888892204;685.0
0.3710069444444467;0.6444444444444457;0.04861111111111442;687.0
0.3737847222222244;0.6500000000000012;0.04583333333333664;689.0
0.3765625000000022;0.6555555555555568;0.04305555555555886;691.0
0.37934027777778;0.6611111111111123;0.040277777777781076;693.0
0.3821180555555577;0.6666666666666679;0.037500000000003295;695.0
0.3848958333333355;0.6722222222222234;0.03472222222222551;697.0
0.38767361111111326;0.6777777777777789;0.03194444444444773;699.0
0.390451388888891;0.6833333333333345;0.029166666666669956;701.0
0.3932291666666688;0.68888888888889;0.02638888888889218;703.0
0.3960069444444465;0.6944444444444455;0.023611111111114406;705.0
0.39878472222222433;0.7000000000000011;0.02083333333333663;707.0
0.4015625000000021;0.7055555555555566;0.018055555555558857;709.0
0.4043402777777798;0.7111111111111121;0.01527777777778108;711.0
0.40711805555555763;0.7166666666666677;0.012500000000003302;713.0
0.4100694444444465;0.7222222222222232;0.009722222222225524;715.0
0.4131944444444465;0.7277777777777787;0.006944444444447745;717.0
0.41631944444444646;0.7333333333333343;0.004166666666669967;719.0
0.41944444444444645;0.7388888888888898;0.0013888888888921888;721.0
0.4227430555555572;0.7444444444444454;0.0;723.0
0.42621527777777934;0.7500000000000009;0.0;725.0
0.4296875000000016;0.7555555555555564;0.0;727.0
0.43315972222222376;0.761111111111112;0.0;729.0
0.436631944444446;0.7666666666666675;0.0;731.0
0.44010416666666824;0.772222222222223;0.0;733.0
0.4435763888888904;0.7777777777777786;0.0;735.0
0.44704861111111266;0.7833333333333341;0.0;737.0
0.4505208333333348;0.7888888888888896;0.0;739.0
0.453993055555557;0.7944444444444452;0.0;741.0
0.4574652777777793;0.8000000000000007;0.0;743.0
0.46093750000000144;0.8055555555555562;0.0;745.0
0.4644097222222237;0.8111111111111118;0.0;747.0
0.46788194444444586;0.8166666666666673;0.0;749.0
0.4713541666666681;0.8222222222222229;0.0;751.0
0.47482638888889034;0.8277777777777784;0.0;753.0
0.4782986111111125;0.8333333333333339;0.0;755.0
0.48177083333333476;0.8388888888888895;0.0;757.0
0.4852430555555569;0.844444444444445;0.0;759.0
0.4887152777777791;0.8500000000000005;0.0;761.0
0.4921875000000014;0.8555555555555561;0.0;763.0
0.49565972222222354;0.8611111111111116;0.0;765.0
0.49913194444444575;0.8666666666666671;0.0;767.0
0.502604166666668;0.8722222222222227;0.0;769.0
0.5060763888888902;0.8777777777777782;0.0;771.0
0.5095486111111124;0.8833333333333337;0.0;773.0
0.5130208333333346;0.8888888888888893;0.0;775.0
0.5164930555555568;0.8944444444444448;0.0;777.0
0.5199652777777789;0.9000000000000004;0.0;779.0
0.5223958333333346;0.8972222222222226;0.0;781.0
0.5248263888888901;0.8944444444444448;0.0;783.0
0.5272569444444456;0.891666666666667;0.0;785.0
0.5296875000000012;0.8888888888888893;0.0;787.0
0.5321180555555567;0.8861111111111115;0.0;789.0
0.5345486111111123;0.8833333333333337;0.0;791.0
0.5369791666666678;0.880555555555556;0.0;793.0
0.5394097222222234;0.8777777777777782;0.0;795.0
0.5418402777777789;0.8791666666666671;0.0;797.0
0.5442708333333345;0.8847222222222226;0.0;799.0
0.54670138888889;0.8902777777777782;0.0;801.0
0.5491319444444456;0.8958333333333337;0.0;803.0
0.5515625000000011;0.9013888888888892;0.0;805.0
0.5532986111111122;0.8986111111111115;0.002777777777777778;807.0
0.5557291666666677;0.8958333333333337;0.008333333333333333;809.0
0.5585069444444455;0.8930555555555559;0.01388888888888889;811.0
0.5612847222222233;0.8902777777777782;0.019444444444444445;813.0
0.564062500000001;0.8875000000000004;0.025;815.0
0.5668402777777789;0.8888888888888893;0.030555555555555558;817.0
0.5696180555555566;0.8944444444444448;0.03611111111111111;819.0
0.5723958333333343;0.9000000000000004;0.04166666666666666;821.0
0.5748263888888899;0.8972222222222226;0.04722222222222221;823.0
0.5772569444444454;0.8944444444444448;0.05277777777777776;825.0
0.5796875000000011;0.8958333333333337;0.058333333333333307;827.0
0.5821180555555566;0.9013888888888892;0.06388888888888886;829.0
0.5835069444444455;0.8986111111111115;0.06944444444444442;831.0
0.5848958333333344;0.8958333333333337;0.07499999999999998;833.0
0.5862847222222233;0.8930555555555559;0.08055555555555555;835.0
0.5876736111111122;0.8902777777777782;0.08611111111111111;837.0
0.589062500000001;0.8875000000000004;0.09166666666666667;839.0
0.59045138888889;0.8847222222222226;0.09722222222222224;841.0
0.5918402777777789;0.8819444444444449;0.1027777777777778;843.0
0.5932291666666678;0.8791666666666671;0.10833333333333336;845.0
0.5946180555555567;0.8763888888888893;0.11388888888888893;847.0
0.5960069444444456;0.8736111111111116;0.11944444444444449;849.0
0.5973958333333345;0.8791666666666671;0.12500000000000006;851.0
0.5987847222222233;0.8847222222222226;0.1305555555555556;853.0
0.6001736111111122;0.8902777777777782;0.13611111111111113;855.0
0.6015625000000011;0.8958333333333337;0.14166666666666666;857.0
0.60295138888889;0.9013888888888892;0.1472222222222222;859.0
0.6032986111111123;0.8986111111111115;0.15277777777777773;861.0
0.6036458333333344;0.8958333333333337;0.15833333333333327;863.0
0.6039930555555567;0.8930555555555559;0.1638888888888888;865.0
0.6043402777777789;0.8902777777777782;0.16944444444444434;867.0
0.6046875000000012;0.8875000000000004;0.17499999999999988;869.0
0.6050347222222233;0.8847222222222226;0.1805555555555554;871.0
0.6053819444444456;0.8819444444444449;0.18611111111111095;873.0
0.6057291666666678;0.8791666666666671;0.19166666666666649;875.0
0.60607638888889;0.8763888888888893;0.19722222222222202;877.0
0.6064236111111122;0.8736111111111116;0.20277777777777756;879.0
0.6067708333333345;0.8708333333333338;0.2083333333333331;881.0
0.6071180555555566;0.868055555555556;0.21388888888888863;883.0
0.6074652777777789;0.8652777777777783;0.21944444444444416;885.0
0.6078125000000011;0.8625000000000005;0.2249999999999997;887.0
0.6081597222222234;0.8597222222222227;0.23055555555555524;889.0
0.6085069444444455;0.856944444444445;0.23611111111111077;891.0
0.6088541666666678;0.8541666666666672;0.2416666666666663;893.0
0.60920138888889;0.8513888888888894;0.24722222222222184;895.0
0.6095486111111122;0.8486111111111116;0.2527777777777774;897.0
0.6098958333333344;0.8458333333333339;0.2583333333333329;899.0
0.6102430555555567;0.8430555555555561;0.26388888888888845;901.0
0.6105902777777789;0.8402777777777783;0.269444444444444;903.0
0.6109375000000011;0.8375000000000006;0.2749999999999995;905.0
0.6112847222222233;0.8347222222222228;0.28055555555555506;907.0
0.6116319444444456;0.831944444444445;0.2861111111111106;909.0
0.6119791666666677;0.8291666666666673;0.29166666666666613;911.0
0.61232638888889;0.8263888888888895;0.29722222222222167;913.0
0.6126736111111122;0.8236111111111117;0.3027777777777772;915.0
0.6130208333333345;0.820833333333334;0.30833333333333274;917.0
0.6133680555555566;0.8180555555555562;0.3138888888888883;919.0
0.6137152777777789;0.8152777777777784;0.3194444444444438;921.0
0.6140625000000011;0.8125000000000007;0.32499999999999934;923.0
0.6144097222222233;0.8097222222222229;0.3305555555555549;925.0
0.6147569444444455;0.8069444444444451;0.3361111111111104;927.0
0.6151041666666678;0.8041666666666674;0.34166666666666595;929.0
0.61545138888889;0.8013888888888896;0.3472222222222215;931.0
0.6157986111111122;0.7986111111111118;0.352777777777777;933.0
0.6161458333333344;0.7958333333333341;0.35833333333333256;935.0
0.6164930555555567;0.7930555555555563;0.3638888888888881;937.0
0.6168402777777788;0.7902777777777785;0.36944444444444363;939.0
0.6171875000000011;0.7875000000000008;0.37499999999999917;941.0
0.6175347222222233;0.784722222222223;0.3805555555555547;943.0
0.6178819444444456;0.7819444444444452;0.38611111111111024;945.0
0.6182291666666677;0.7791666666666675;0.3916666666666658;947.0
0.61857638888889;0.7763888888888897;0.3972222222222213;949.0
0.6189236111111122;0.7736111111111119;0.40277777777777685;951.0
0.6192708333333344;0.7708333333333341;0.4083333333333324;953.0
0.6196180555555566;0.7680555555555564;0.4138888888888879;955.0
0.6199652777777789;0.7652777777777786;0.41944444444444345;957.0
0.620312500000001;0.7625000000000008;0.424999999999999;959.0
0.6206597222222233;0.7597222222222231;0.4305555555555545;961.0
0.6210069444444455;0.7569444444444453;0.43611111111111006;963.0
0.6213541666666678;0.7541666666666675;0.4416666666666656;965.0
0.6217013888888899;0.7513888888888898;0.44722222222222113;967.0
0.6220486111111122;0.748611111111112;0.45277777777777667;969.0
0.6223958333333344;0.7458333333333342;0.4583333333333322;971.0
0.6227430555555566;0.7430555555555565;0.46388888888888774;973.0
0.6230902777777788;0.7402777777777787;0.4694444444444433;975.0
0.6234375000000011;0.7375000000000009;0.4749999999999988;977.0
0.6237847222222233;0.7347222222222232;0.48055555555555435;979.0
0.6241319444444455;0.7319444444444454;0.4861111111111099;981.0
0.6244791666666677;0.7291666666666676;0.4916666666666654;983.0
0.62482638888889;0.7263888888888899;0.49722222222222096;985.0
0.6251736111111121;0.7236111111111121;0.5027777777777765;987.0
0.6255208333333344;0.7208333333333343;0.5083333333333321;989.0
0.6258680555555566;0.7180555555555566;0.5138888888888876;991.0
0.6262152777777789;0.7152777777777788;0.5194444444444432;993.0
0.626562500000001;0.712500000000001;0.5249999999999987;995.0
0.6269097222222233;0.7097222222222233;0.5305555555555542;997.0
0.6272569444444455;0.7069444444444455;0.5361111111111098;999.0
0.6276041666666677;0.7041666666666677;0.5416666666666653;1001.0
0.6279513888888899;0.70138888888889;0.5472222222222208;1003.0
0.6282986111111122;0.7055555555555566;0.5527777777777764;1005.0
0.6286458333333343;0.7111111111111121;0.5583333333333319;1007.0
0.6289930555555566;0.7166666666666677;0.5638888888888874;1009.0
0.6293402777777788;0.7222222222222232;0.569444444444443;1011.0
0.6296875000000011;0.7277777777777787;0.5749999999999985;1013.0
0.6300347222222232;0.7333333333333343;0.5722222222222237;1015.0
0.6303819444444455;0.7388888888888898;0.569444444444446;1017.0
0.6307291666666677;0.7444444444444454;0.5666666666666682;1019.0
0.63107638888889;0.7500000000000009;0.5638888888888904;1021.0
0.6314236111111121;0.7555555555555564;0.5611111111111127;1023.0
0.6317708333333344;0.761111111111112;0.5583333333333349;1025.0
0.6321180555555566;0.7666666666666675;0.5555555555555571;1027.0
0.6324652777777788;0.772222222222223;0.5527777777777794;1029.0
0.632812500000001;0.7777777777777786;0.5500000000000016;1031.0
0.6331597222222233;0.7833333333333341;0.5472222222222238;1033.0
0.6335069444444454;0.7888888888888896;0.5444444444444461;1035.0
0.6338541666666677;0.7944444444444452;0.5416666666666683;1037.0
0.6342013888888899;0.8000000000000007;0.5388888888888905;1039.0
0.6345486111111122;0.8055555555555562;0.5361111111111128;1041.0
0.6348958333333343;0.8111111111111118;0.533333333333335;1043.0
0.6352430555555566;0.8166666666666673;0.5305555555555572;1045.0
0.6355902777777788;0.8222222222222229;0.5277777777777795;1047.0
0.635937500000001;0.8277777777777784;0.5250000000000017;1049.0
0.6362847222222232;0.8333333333333339;0.5222222222222239;1051.0
0.6366319444444455;0.8388888888888895;0.5194444444444462;1053.0
0.6369791666666677;0.844444444444445;0.5166666666666684;1055.0
0.6373263888888899;0.8500000000000005;0.5138888888888906;1057.0
0.6376736111111121;0.8555555555555561;0.5111111111111128;1059.0
0.6380208333333344;0.8611111111111116;0.5083333333333351;1061.0
0.6383680555555565;0.8666666666666671;0.5055555555555573;1063.0
0.6387152777777788;0.8722222222222227;0.5027777777777795;1065.0
0.639062500000001;0.8777777777777782;0.5000000000000018;1067.0
0.6394097222222233;0.8833333333333337;0.497222222222224;1069.0
0.6397569444444454;0.8888888888888893;0.49444444444444624;1071.0
0.6401041666666677;0.8944444444444448;0.4916666666666685;1073.0
0.6404513888888899;0.9000000000000004;0.4888888888888907;1075.0
0.6397569444444454;0.8972222222222226;0.48611111111111294;1077.0
0.639062500000001;0.8944444444444448;0.48333333333333517;1079.0
0.6383680555555565;0.891666666666667;0.4805555555555574;1081.0
0.6376736111111121;0.8888888888888893;0.47777777777777963;1083.0
0.6369791666666677;0.8861111111111115;0.47500000000000187;1085.0
0.6362847222222232;0.8833333333333337;0.4722222222222241;1087.0
0.6355902777777788;0.880555555555556;0.46944444444444633;1089.0
0.6348958333333343;0.8777777777777782;0.46666666666666856;1091.0
0.6342013888888899;0.8750000000000004;0.4638888888888908;1093.0
0.6335069444444454;0.8722222222222227;0.461111111111113;1095.0
0.632812500000001;0.8694444444444449;0.45833333333333526;1097.0
0.6321180555555566;0.8666666666666671;0.4555555555555575;1099.0
0.6314236111111121;0.8638888888888894;0.4527777777777797;1101.0
0.6307291666666677;0.8611111111111116;0.45000000000000195;1103.0
0.6300347222222232;0.8583333333333338;0.4472222222222242;1105.0
0.6293402777777788;0.8555555555555561;0.4444444444444464;1107.0
0.6286458333333343;0.8527777777777783;0.44166666666666865;1109.0
0.6279513888888899;0.8527777777777786;0.4388888888888909;1111.0
0.6272569444444455;0.8583333333333342;0.4361111111111131;1113.0
0.626562500000001;0.8638888888888897;0.43333333333333535;1115.0
0.6258680555555566;0.8694444444444452;0.4305555555555576;1117.0
0.6251736111111121;0.8750000000000008;0.4277777777777798;1119.0
0.6244791666666677;0.8805555555555563;0.42500000000000204;1121.0
0.6237847222222233;0.8861111111111118;0.4222222222222243;1123.0
0.6230902777777788;0.8916666666666674;0.4194444444444465;1125.0
0.6223958333333344;0.8972222222222229;0.41666666666666874;1127.0
0.6211805555555566;0.8986111111111118;0.41388888888889097;1129.0
0.6194444444444455;0.9027777777777751;0.4111111111111132;1131.0
0.6166666666666677;0.8999999999999974;0.40833333333333544;1133.0
0.6138888888888899;0.8972222222222196;0.40555555555555767;1135.0
0.6111111111111122;0.8944444444444418;0.4027777777777799;1137.0
0.6083333333333344;0.891666666666664;0.40000000000000213;1139.0
0.6055555555555566;0.8888888888888863;0.39722222222222436;1141.0
0.6027777777777789;0.8861111111111085;0.3944444444444466;1143.0
0.6000000000000011;0.8833333333333308;0.39166666666666883;1145.0
0.5972222222222233;0.880555555555553;0.38888888888889106;1147.0
0.5944444444444456;0.8777777777777752;0.3861111111111133;1149.0
0.5916666666666678;0.8749999999999974;0.3833333333333355;1151.0
0.58888888888889;0.8722222222222197;0.38055555555555776;1153.0
0.5861111111111122;0.8694444444444419;0.37777777777778;1155.0
0.5833333333333345;0.8666666666666641;0.3750000000000022;1157.0
0.5805555555555567;0.8638888888888864;0.37222222222222445;1159.0
0.577777777777779;0.8611111111111086;0.3694444444444467;1161.0
0.5750000000000012;0.8583333333333308;0.3666666666666689;1163.0
0.5722222222222234;0.8555555555555531;0.36388888888889115;1165.0
0.5694444444444456;0.8527777777777753;0.3611111111111134;1167.0
0.5666666666666679;0.8499999999999975;0.3583333333333356;1169.0
0.5638888888888901;0.8472222222222198;0.35555555555555785;1171.0
0.5611111111111123;0.844444444444442;0.3527777777777801;1173.0
0.5583333333333346;0.8416666666666642;0.3500000000000023;1175.0
0.5555555555555568;0.8388888888888865;0.34722222222222454;1177.0
0.552777777777779;0.8361111111111087;0.3444444444444468;1179.0
0.5500000000000013;0.8333333333333309;0.341666666666669;1181.0
0.5472222222222235;0.8305555555555532;0.33888888888889124;1183.0
0.5444444444444457;0.8277777777777754;0.33611111111111347;1185.0
0.541666666666668;0.8249999999999976;0.3333333333333357;1187.0
0.5388888888888902;0.8222222222222199;0.33055555555555793;1189.0
0.5361111111111124;0.8194444444444421;0.32777777777778017;1191.0
0.5333333333333347;0.8166666666666643;0.3250000000000024;1193.0
0.5305555555555569;0.8138888888888866;0.32222222222222463;1195.0
0.5277777777777791;0.8111111111111088;0.31944444444444686;1197.0
0.5250000000000014;0.808333333333331;0.3166666666666691;1199.0
0.5222222222222236;0.8055555555555532;0.3138888888888913;1201.0
0.5194444444444458;0.8027777777777755;0.31111111111111356;1203.0
0.516666666666668;0.7999999999999977;0.3083333333333358;1205.0
0.5138888888888903;0.79722222222222;0.305555555555558;1207.0
0.5111111111111125;0.7944444444444422;0.30277777777778025;1209.0
0.5083333333333347;0.7916666666666644;0.3000000000000025;1211.0
0.505555555555557;0.7888888888888866;0.2972222222222247;1213.0
0.5027777777777792;0.7861111111111089;0.29444444444444695;1215.0
0.5000000000000014;0.7833333333333311;0.2916666666666692;1217.0
0.49722222222222373;0.7805555555555533;0.2888888888888914;1219.0
0.49444444444444596;0.7777777777777756;0.28611111111111365;1221.0
0.4916666666666682;0.7749999999999978;0.2833333333333359;1223.0
0.4888888888888904;0.77222222222222;0.2805555555555581;1225.0
0.4861111111111126;0.7694444444444423;0.27777777777778034;1227.0
0.48333333333333484;0.7666666666666645;0.2750000000000026;1229.0
0.48055555555555707;0.7638888888888867;0.2722222222222248;1231.0
0.4777777777777793;0.761111111111109;0.26944444444444704;1233.0
0.47500000000000153;0.7583333333333312;0.26666666666666927;1235.0
0.47222222222222376;0.7555555555555534;0.2638888888888915;1237.0
0.469444444444446;0.7527777777777757;0.26111111111111374;1239.0
0.46666666666666823;0.7499999999999979;0.25833333333333597;1241.0
0.46388888888889046;0.7472222222222201;0.2555555555555582;1243.0
0.4611111111111127;0.7444444444444424;0.25277777777778043;1245.0
0.4583333333333349;0.7416666666666646;0.25000000000000266;1247.0
0.45555555555555716;0.7388888888888868;0.2472222222222249;1249.0
0.4527777777777794;0.736111111111109;0.24444444444444713;1251.0
0.4500000000000016;0.7333333333333313;0.24166666666666936;1253.0
0.4472222222222239;0.7305555555555535;0.2388888888888916;1255.0
0.44444444444444614;0.7277777777777757;0.23611111111111382;1257.0
0.4416666666666684;0.724999999999998;0.23333333333333606;1259.0
0.4388888888888906;0.7222222222222202;0.2305555555555583;1261.0
0.4361111111111128;0.7194444444444424;0.22777777777778052;1263.0
0.433333333333335;0.7166666666666647;0.22500000000000275;1265.0
0.43055555555555725;0.7138888888888869;0.22222222222222499;1267.0
0.4277777777777795;0.7111111111111091;0.21944444444444722;1269.0
0.4250000000000017;0.7083333333333314;0.21666666666666945;1271.0
0.42222222222222394;0.7055555555555536;0.21388888888889168;1273.0
0.4194444444444462;0.7027777777777758;0.2111111111111139;1275.0
0.4166666666666684;0.6999999999999981;0.20833333333333615;1277.0
0.41388888888889064;0.6972222222222203;0.20555555555555838;1279.0
0.41111111111111287;0.6944444444444425;0.2027777777777806;1281.0
0.4083333333333351;0.6916666666666648;0.20000000000000284;1283.0
0.40555555555555733;0.688888888888887;0.19722222222222507;1285.0
0.40277777777777957;0.6861111111111092;0.1944444444444473;1287.0
0.4000000000000018;0.6833333333333315;0.19166666666666954;1289.0
0.39722222222222403;0.6805555555555537;0.18888888888889177;1291.0
0.39444444444444626;0.6777777777777759;0.186111111111114;1293.0
0.3916666666666685;0.6749999999999982;0.18333333333333623;1295.0
0.3888888888888907;0.6722222222222204;0.18055555555555847;1297.0
0.38663194444444626;0.6694444444444426;0.1777777777777807;1299.0
0.38489583333333516;0.6666666666666649;0.17500000000000293;1301.0
0.3842013888888907;0.6638888888888871;0.18055555555555847;1303.0
0.3835069444444463;0.6611111111111093;0.186111111111114;1305.0
0.38281250000000183;0.6583333333333315;0.19166666666666954;1307.0
0.3821180555555574;0.6555555555555538;0.19722222222222507;1309.0
0.38142361111111295;0.652777777777776;0.19861111111111396;1311.0
0.3807291666666685;0.6499999999999982;0.1958333333333362;1313.0
0.38003472222222406;0.6472222222222205;0.19305555555555842;1315.0
0.3793402777777796;0.6444444444444427;0.19027777777778065;1317.0
0.3786458333333352;0.6416666666666649;0.1875000000000029;1319.0
0.37795138888889074;0.6388888888888872;0.18472222222222512;1321.0
0.3772569444444463;0.6361111111111094;0.18194444444444735;1323.0
0.37656250000000185;0.6333333333333316;0.17916666666666958;1325.0
0.3758680555555574;0.6305555555555539;0.17638888888889181;1327.0
0.37517361111111297;0.6277777777777761;0.17361111111111405;1329.0
0.37447916666666853;0.6249999999999983;0.17083333333333628;1331.0
0.3737847222222241;0.6222222222222206;0.1680555555555585;1333.0
0.37309027777777964;0.6194444444444428;0.16527777777778074;1335.0
0.37291666666666856;0.616666666666665;0.16250000000000298;1337.0
0.3737847222222241;0.6138888888888873;0.16388888888889186;1339.0
0.37517361111111297;0.6111111111111095;0.1694444444444474;1341.0
0.37656250000000185;0.6083333333333317;0.17500000000000293;1343.0
0.37795138888889074;0.605555555555554;0.18055555555555847;1345.0
0.37968750000000184;0.6027777777777762;0.186111111111114;1347.0
0.38142361111111295;0.5999999999999984;0.19166666666666954;1349.0
0.38315972222222405;0.5972222222222207;0.19722222222222507;1351.0
0.38489583333333516;0.5944444444444429;0.2027777777777806;1353.0
0.38663194444444626;0.5916666666666651;0.20833333333333615;1355.0
0.38836805555555737;0.5888888888888874;0.21388888888889168;1357.0
0.3901041666666685;0.5861111111111096;0.21944444444444722;1359.0
0.3918402777777796;0.5833333333333318;0.22500000000000275;1361.0
0.3935763888888907;0.580555555555554;0.22638888888889164;1363.0
0.3953125000000018;0.5777777777777763;0.22638888888889164;1365.0
0.3970486111111129;0.5749999999999985;0.22638888888889164;1367.0
0.398784722222224;0.5722222222222207;0.22638888888889164;1369.0
0.4005208333333351;0.569444444444443;0.22638888888889164;1371.0
0.4022569444444462;0.5666666666666652;0.22638888888889164;1373.0
0.4039930555555573;0.5638888888888874;0.22638888888889164;1375.0
0.4057291666666684;0.5611111111111097;0.22638888888889164;1377.0
0.4074652777777795;0.5583333333333319;0.22638888888889164;1379.0
0.4092013888888906;0.5555555555555541;0.22638888888889164;1381.0
0.41093750000000173;0.5527777777777764;0.22638888888889164;1383.0
0.41267361111111284;0.5499999999999986;0.22638888888889164;1385.0
0.41440972222222394;0.5472222222222208;0.22638888888889164;1387.0
0.41614583333333505;0.5444444444444431;0.22638888888889164;1389.0
0.41788194444444615;0.5416666666666653;0.22638888888889164;1391.0
0.41961805555555726;0.5388888888888875;0.22638888888889164;1393.0
0.42135416666666836;0.5361111111111098;0.22638888888889164;1395.0
0.42309027777777947;0.533333333333332;0.22638888888889164;1397.0
0.42482638888889057;0.5305555555555542;0.22638888888889164;1399.0
0.4265625000000017;0.5277777777777765;0.22638888888889164;1401.0
0.4282986111111128;0.5291666666666683;0.22638888888889164;1403.0
0.4300347222222239;0.5347222222222239;0.22638888888889164;1405.0
0.431770833333335;0.5402777777777794;0.22638888888889164;1407.0
0.4335069444444461;0.545833333333335;0.22638888888889164;1409.0
0.4352430555555572;0.5513888888888905;0.22638888888889164;1411.0
0.4369791666666683;0.556944444444446;0.22638888888889164;1413.0
0.4387152777777794;0.5625000000000016;0.22638888888889164;1415.0
0.4404513888888905;0.5680555555555571;0.22638888888889164;1417.0
0.4421875000000016;0.5736111111111126;0.22638888888889164;1419.0
0.4439236111111127;0.5791666666666682;0.22638888888889164;1421.0
0.44565972222222383;0.5847222222222237;0.22638888888889164;1423.0
0.44739583333333494;0.5902777777777792;0.22638888888889164;1425.0
0.44913194444444604;0.5958333333333348;0.22638888888889164;1427.0
0.45086805555555715;0.6013888888888903;0.22638888888889164;1429.0
0.45260416666666825;0.6069444444444458;0.22638888888889164;1431.0
0.45434027777777936;0.6125000000000014;0.22638888888889164;1433.0
0.45607638888889046;0.6180555555555569;0.22638888888889164;1435.0
0.45781250000000157;0.6236111111111124;0.22638888888889164;1437.0
0.45954861111111267;0.629166666666668;0.22638888888889164;1439.0
0.4612847222222238;0.6347222222222235;0.22638888888889164;1441.0
0.46302083333333494;0.6402777777777791;0.22638888888889164;1443.0
0.46475694444444593;0.6458333333333346;0.22638888888889164;1445.0
0.46649305555555715;0.6513888888888901;0.22638888888889164;1447.0
0.46822916666666825;0.6569444444444457;0.22638888888889164;1449.0
0.46996527777777936;0.6625000000000012;0.22638888888889164;1451.0
0.47170138888889046;0.6680555555555567;0.22638888888889164;1453.0
0.4734375000000015;0.6736111111111123;0.22638888888889164;1455.0
0.47517361111111267;0.6791666666666678;0.22638888888889164;1457.0
0.4769097222222238;0.6847222222222233;0.22638888888889164;1459.0
0.4786458333333349;0.6902777777777789;0.22638888888889164;1461.0
0.480381944444446;0.6958333333333344;0.22638888888889164;1463.0
0.4821180555555571;0.70138888888889;0.22638888888889164;1465.0
0.4838541666666682;0.7069444444444455;0.22638888888889164;1467.0
0.4855902777777793;0.712500000000001;0.22638888888889164;1469.0
0.4873263888888904;0.7180555555555566;0.22638888888889164;1471.0
0.4890625000000015;0.7236111111111121;0.22638888888889164;1473.0
0.4907986111111126;0.7291666666666676;0.22638888888889164;1475.0
0.4925347222222237;0.7347222222222232;0.22638888888889164;1477.0
0.4942708333333348;0.7402777777777787;0.22638888888889164;1479.0
0.49600694444444593;0.7458333333333342;0.22638888888889164;1481.0
0.49774305555555703;0.7513888888888898;0.22638888888889164;1483.0
0.49947916666666814;0.7569444444444453;0.22638888888889164;1485.0
0.5012152777777793;0.7625000000000008;0.22638888888889164;1487.0
0.5029513888888903;0.7680555555555564;0.22638888888889164;1489.0
0.5046875000000015;0.7736111111111119;0.22638888888889164;1491.0
0.5064236111111126;0.7791666666666675;0.22638888888889164;1493.0
0.5081597222222237;0.784722222222223;0.22638888888889164;1495.0
0.5098958333333348;0.7902777777777785;0.22638888888889164;1497.0
0.5116319444444459;0.7958333333333341;0.22638888888889164;1499.0
0.513368055555557;0.8013888888888896;0.22638888888889164;1501.0
0.5151041666666681;0.8069444444444451;0.22638888888889164;1503.0
0.5168402777777792;0.8125000000000007;0.22638888888889164;1505.0
0.5185763888888903;0.8180555555555562;0.22638888888889164;1507.0
0.5203125000000014;0.8236111111111117;0.22638888888889164;1509.0
0.5220486111111126;0.8291666666666673;0.22638888888889164;1511.0
0.5237847222222236;0.8347222222222228;0.22638888888889164;1513.0
0.5255208333333348;0.8402777777777783;0.22638888888889164;1515.0
0.5272569444444458;0.8458333333333339;0.22638888888889164;1517.0
0.528993055555557;0.8513888888888894;0.22638888888889164;1519.0
0.530729166666668;0.856944444444445;0.22638888888889164;1521.0
0.5324652777777792;0.8625000000000005;0.22638888888889164;1523.0
0.5342013888888902;0.868055555555556;0.22638888888889164;1525.0
0.5359375000000014;0.8736111111111116;0.22638888888889164;1527.0
0.5376736111111124;0.8791666666666671;0.22638888888889164;1529.0
0.5394097222222236;0.8847222222222226;0.22638888888889164;1531.0
0.5411458333333347;0.8902777777777782;0.22638888888889164;1533.0
0.5428819444444458;0.8958333333333337;0.22638888888889164;1535.0
0.5446180555555569;0.9013888888888892;0.22638888888889164;1537.0
0.5453125000000013;0.8986111111111115;0.22638888888889164;1539.0
0.5460069444444458;0.8958333333333337;0.22638888888889164;1541.0
0.5467013888888902;0.8930555555555559;0.22638888888889164;1543.0
0.5473958333333346;0.8902777777777782;0.22638888888889164;1545.0
0.5480902777777791;0.8875000000000004;0.22638888888889164;1547.0
0.5487847222222235;0.8847222222222226;0.22638888888889164;1549.0
0.549479166666668;0.8819444444444449;0.22638888888889164;1551.0
0.5501736111111124;0.8791666666666671;0.22638888888889164;1553.0
0.5508680555555568;0.880555555555556;0.22638888888889164;1555.0
0.5515625000000013;0.8861111111111115;0.22638888888889164;1557.0
0.5522569444444457;0.891666666666667;0.22638888888889164;1559.0
0.5529513888888902;0.8972222222222226;0.22500000000000275;1561.0
0.5531250000000013;0.8986111111111115;0.22222222222222499;1563.0
0.552777777777779;0.8958333333333337;0.21944444444444722;1565.0
0.5524305555555569;0.8930555555555559;0.21666666666666945;1567.0
0.5520833333333346;0.8902777777777782;0.21388888888889168;1569.0
0.5517361111111124;0.8875000000000004;0.2111111111111139;1571.0
0.5513888888888901;0.8847222222222226;0.20833333333333615;1573.0
0.551041666666668;0.8819444444444449;0.20555555555555838;1575.0
0.5506944444444457;0.8791666666666671;0.2027777777777806;1577.0
0.5503472222222235;0.8763888888888893;0.20000000000000284;1579.0
0.5500000000000013;0.8777777777777782;0.19722222222222507;1581.0
0.5496527777777791;0.8833333333333337;0.1944444444444473;1583.0
0.5493055555555568;0.8888888888888893;0.19166666666666954;1585.0
0.5489583333333347;0.8944444444444448;0.18888888888889177;1587.0
0.5486111111111124;0.9000000000000004;0.186111111111114;1589.0
0.5472222222222235;0.8972222222222226;0.18333333333333623;1591.0
0.5458333333333346;0.8944444444444448;0.18055555555555847;1593.0
0.5444444444444457;0.891666666666667;0.1777777777777807;1595.0
0.5430555555555568;0.8888888888888893;0.17500000000000293;1597.0
0.5421875000000014;0.8861111111111115;0.17222222222222516;1599.0
0.5418402777777791;0.891666666666667;0.1694444444444474;1601.0
0.5414930555555569;0.8972222222222226;0.16666666666666963;1603.0
0.5406250000000014;0.8986111111111115;0.16388888888889186;1605.0
0.5399305555555569;0.8958333333333337;0.1611111111111141;1607.0
0.5392361111111125;0.8930555555555559;0.15833333333333632;1609.0
0.538541666666668;0.8902777777777782;0.15555555555555856;1611.0
0.5378472222222236;0.8875000000000004;0.1527777777777808;1613.0
0.5371527777777791;0.8847222222222226;0.15000000000000302;1615.0
0.5364583333333347;0.8819444444444449;0.14722222222222525;1617.0
0.5362847222222236;0.8791666666666671;0.14861111111111414;1619.0
0.5366319444444457;0.8763888888888893;0.15416666666666967;1621.0
0.536979166666668;0.8736111111111116;0.1597222222222252;1623.0
0.5375000000000013;0.8708333333333338;0.16527777777778074;1625.0
0.5381944444444458;0.868055555555556;0.17083333333333628;1627.0
0.5388888888888901;0.8652777777777783;0.17638888888889181;1629.0
0.5395833333333346;0.8625000000000005;0.18194444444444735;1631.0
0.5402777777777791;0.8597222222222227;0.1875000000000029;1633.0
0.5409722222222235;0.856944444444445;0.19305555555555842;1635.0
0.5416666666666679;0.8541666666666672;0.19861111111111396;1637.0
0.5423611111111124;0.8513888888888894;0.2041666666666695;1639.0
0.5430555555555568;0.8486111111111116;0.20972222222222503;1641.0
0.5437500000000013;0.8458333333333339;0.21527777777778057;1643.0
0.5444444444444457;0.8430555555555561;0.21805555555555534;1645.0
0.5451388888888902;0.8402777777777783;0.21805555555555534;1647.0
0.5458333333333345;0.8375000000000006;0.21805555555555534;1649.0
0.5465277777777791;0.8347222222222228;0.21805555555555534;1651.0
0.5472222222222235;0.831944444444445;0.21805555555555534;1653.0
0.5479166666666679;0.8291666666666673;0.21805555555555534;1655.0
0.5486111111111124;0.8263888888888895;0.21805555555555534;1657.0
0.5493055555555568;0.8236111111111117;0.21805555555555534;1659.0
0.5500000000000012;0.820833333333334;0.21805555555555534;1661.0
0.5506944444444457;0.8180555555555562;0.21805555555555534;1663.0
0.5513888888888901;0.8152777777777784;0.21805555555555534;1665.0
0.5520833333333346;0.8125000000000007;0.21805555555555534;1667.0
0.552777777777779;0.8097222222222229;0.21805555555555534;1669.0
0.5534722222222235;0.8069444444444451;0.21805555555555534;1671.0
0.5541666666666679;0.8041666666666674;0.21805555555555534;1673.0
0.5548611111111124;0.8013888888888896;0.21805555555555534;1675.0
0.5555555555555567;0.7986111111111118;0.21805555555555534;1677.0
0.5562500000000012;0.7958333333333341;0.21805555555555534;1679.0
0.5569444444444457;0.7930555555555563;0.21805555555555534;1681.0
0.5576388888888901;0.7902777777777785;0.21805555555555534;1683.0
0.5583333333333346;0.7875000000000008;0.21805555555555534;1685.0
0.559027777777779;0.784722222222223;0.21805555555555534;1687.0
0.5597222222222233;0.7819444444444452;0.21805555555555534;1689.0
0.5604166666666679;0.7791666666666675;0.21805555555555534;1691.0
0.5611111111111123;0.7763888888888897;0.21805555555555534;1693.0
0.5618055555555568;0.7736111111111119;0.21805555555555534;1695.0
0.5625000000000011;0.7708333333333341;0.21805555555555534;1697.0
0.5631944444444457;0.7680555555555564;0.21805555555555534;1699.0
0.5638888888888901;0.7652777777777786;0.21805555555555534;1701.0
0.5645833333333345;0.7625000000000008;0.21805555555555534;1703.0
0.565277777777779;0.7597222222222231;0.21805555555555534;1705.0
0.5659722222222234;0.7569444444444453;0.21805555555555534;1707.0
0.5666666666666678;0.7541666666666675;0.21805555555555534;1709.0
0.5673611111111123;0.7513888888888898;0.21805555555555534;1711.0
0.5680555555555568;0.748611111111112;0.21805555555555534;1713.0
0.5687500000000012;0.7458333333333342;0.21805555555555534;1715.0
0.5694444444444456;0.7430555555555565;0.21805555555555534;1717.0
0.5701388888888901;0.7402777777777787;0.21805555555555534;1719.0
0.5708333333333344;0.7375000000000009;0.21805555555555534;1721.0
0.571527777777779;0.7347222222222232;0.21805555555555534;1723.0
0.5722222222222234;0.7319444444444454;0.21805555555555534;1725.0
0.5729166666666679;0.7291666666666676;0.21805555555555534;1727.0
0.5736111111111123;0.7263888888888899;0.21805555555555534;1729.0
0.5743055555555567;0.7236111111111121;0.21805555555555534;1731.0
0.5750000000000012;0.7208333333333343;0.21805555555555534;1733.0
0.5756944444444456;0.7180555555555566;0.21805555555555534;1735.0
0.57638888888889;0.7152777777777788;0.21805555555555534;1737.0
0.5770833333333345;0.712500000000001;0.21805555555555534;1739.0
0.577777777777779;0.7097222222222233;0.21805555555555534;1741.0
0.5784722222222234;0.7069444444444455;0.21805555555555534;1743.0
0.5791666666666678;0.7041666666666677;0.21805555555555534;1745.0
0.5798611111111123;0.70138888888889;0.21805555555555534;1747.0
0.5805555555555566;0.6986111111111122;0.21805555555555534;1749.0
0.5812500000000012;0.6958333333333344;0.21805555555555534;1751.0
0.5819444444444456;0.6930555555555566;0.21805555555555534;1753.0
0.58263888888889;0.6902777777777789;0.21805555555555534;1755.0
0.5833333333333344;0.6888888888888903;0.21805555555555534;1757.0
0.5840277777777789;0.6944444444444459;0.21805555555555534;1759.0
0.5847222222222234;0.7000000000000014;0.21805555555555534;1761.0
0.5854166666666678;0.7055555555555569;0.21805555555555534;1763.0
0.5861111111111122;0.7111111111111125;0.21805555555555534;1765.0
0.5868055555555567;0.716666666666668;0.21805555555555534;1767.0
0.587500000000001;0.7222222222222235;0.21805555555555534;1769.0
0.5881944444444456;0.7277777777777791;0.21805555555555534;1771.0
0.58888888888889;0.7333333333333346;0.21805555555555534;1773.0
0.5895833333333345;0.7388888888888901;0.21805555555555534;1775.0
0.5902777777777789;0.7444444444444457;0.21805555555555534;1777.0
0.5909722222222233;0.7500000000000012;0.21805555555555534;1779.0
0.5916666666666677;0.7555555555555568;0.21805555555555534;1781.0
0.5923611111111122;0.7611111111111123;0.21805555555555534;1783.0
0.5930555555555567;0.7666666666666678;0.21805555555555534;1785.0
0.5937500000000011;0.7722222222222234;0.21805555555555534;1787.0
0.5944444444444456;0.7777777777777789;0.21805555555555534;1789.0
0.59513888888889;0.7833333333333344;0.21805555555555534;1791.0
0.5958333333333344;0.78888888888889;0.21805555555555534;1793.0
0.5965277777777789;0.7944444444444455;0.21805555555555534;1795.0
0.5972222222222232;0.800000000000001;0.21805555555555534;1797.0
0.5979166666666678;0.8055555555555566;0.21805555555555534;1799.0
0.5986111111111122;0.8111111111111121;0.21805555555555534;1801.0
0.5993055555555566;0.8166666666666677;0.21805555555555534;1803.0
0.6000000000000011;0.8222222222222232;0.21805555555555534;1805.0
0.6006944444444455;0.8277777777777787;0.21805555555555534;1807.0
0.6013888888888899;0.8333333333333343;0.21805555555555534;1809.0
0.6020833333333344;0.8388888888888898;0.21805555555555534;1811.0
0.6027777777777789;0.8444444444444453;0.21805555555555534;1813.0
0.6034722222222233;0.8500000000000009;0.21805555555555534;1815.0
0.6041666666666676;0.8555555555555564;0.21805555555555534;1817.0
0.6048611111111122;0.8611111111111119;0.21805555555555534;1819.0
0.6055555555555566;0.8666666666666675;0.21805555555555534;1821.0
0.6062500000000011;0.872222222222223;0.21805555555555534;1823.0
0.6069444444444455;0.8777777777777785;0.21805555555555534;1825.0
0.60763888888889;0.8833333333333341;0.21805555555555534;1827.0
0.6083333333333343;0.8888888888888896;0.21805555555555534;1829.0
0.6090277777777788;0.8944444444444452;0.21805555555555534;1831.0
0.6097222222222233;0.9000000000000007;0.21805555555555534;1833.0
0.6100694444444454;0.8972222222222229;0.22361111111111087;1835.0
0.6104166666666677;0.8944444444444452;0.2291666666666664;1837.0
0.61076388888889;0.8916666666666674;0.23472222222222194;1839.0
0.611111111111112;0.8888888888888896;0.24027777777777748;1841.0
0.6114583333333344;0.8875000000000004;0.24583333333333302;1843.0
0.6118055555555566;0.8930555555555559;0.25138888888888855;1845.0
0.6121527777777789;0.8986111111111115;0.2569444444444441;1847.0
0.6119791666666677;0.9000000000000004;0.2624999999999996;1849.0
0.6112847222222232;0.8972222222222226;0.26805555555555516;1851.0
0.6105902777777789;0.8944444444444448;0.2736111111111107;1853.0
0.6098958333333343;0.891666666666667;0.27916666666666623;1855.0
0.60920138888889;0.8888888888888893;0.28472222222222177;1857.0
0.6085069444444455;0.8861111111111115;0.2902777777777773;1859.0
0.607812500000001;0.8833333333333337;0.29583333333333284;1861.0
0.6071180555555566;0.880555555555556;0.3013888888888884;1863.0
0.6064236111111121;0.8777777777777782;0.3069444444444439;1865.0
0.6057291666666678;0.8750000000000004;0.31249999999999944;1867.0
0.6050347222222233;0.8722222222222227;0.318055555555555;1869.0
0.6043402777777788;0.8694444444444449;0.3236111111111105;1871.0
0.6036458333333344;0.8666666666666671;0.32916666666666605;1873.0
0.6029513888888899;0.8638888888888894;0.3347222222222216;1875.0
0.6022569444444456;0.8652777777777783;0.3402777777777771;1877.0
0.6015625000000011;0.8708333333333338;0.34583333333333266;1879.0
0.6008680555555566;0.8763888888888893;0.3513888888888882;1881.0
0.6001736111111122;0.8819444444444449;0.35694444444444373;1883.0
0.5994791666666677;0.8875000000000004;0.36249999999999927;1885.0
0.5987847222222233;0.8930555555555559;0.3680555555555548;1887.0
0.5980902777777789;0.8986111111111115;0.37361111111111034;1889.0
0.5968750000000012;0.9000000000000004;0.3791666666666659;1891.0
0.59513888888889;0.8972222222222226;0.3847222222222214;1893.0
0.5934027777777788;0.8944444444444448;0.39027777777777695;1895.0
0.5916666666666678;0.891666666666667;0.3958333333333325;1897.0
0.5899305555555567;0.8888888888888893;0.39861111111111325;1899.0
0.5881944444444456;0.8861111111111115;0.3958333333333355;1901.0
0.5864583333333345;0.8833333333333337;0.3930555555555577;1903.0
0.5847222222222233;0.880555555555556;0.39027777777777994;1905.0
0.5829861111111123;0.8777777777777782;0.3875000000000022;1907.0
0.5812500000000012;0.8750000000000004;0.3847222222222244;1909.0
0.5795138888888901;0.8722222222222227;0.38194444444444664;1911.0
0.577777777777779;0.8694444444444449;0.3791666666666689;1913.0
0.5760416666666678;0.8666666666666671;0.3763888888888911;1915.0
0.5743055555555567;0.8638888888888894;0.37361111111111334;1917.0
0.5725694444444457;0.8611111111111116;0.37083333333333557;1919.0
0.5708333333333345;0.8583333333333338;0.3680555555555578;1921.0
0.5690972222222235;0.8555555555555561;0.36527777777778003;1923.0
0.5673611111111123;0.8527777777777783;0.36250000000000226;1925.0
0.5656250000000013;0.8500000000000005;0.3597222222222245;1927.0
0.5638888888888901;0.8472222222222228;0.35694444444444673;1929.0
0.5621527777777791;0.844444444444445;0.35416666666666896;1931.0
0.5604166666666679;0.8416666666666672;0.3513888888888912;1933.0
0.5586805555555568;0.8388888888888895;0.3486111111111134;1935.0
0.5569444444444457;0.8361111111111117;0.34583333333333566;1937.0
0.5552083333333346;0.8333333333333339;0.3430555555555579;1939.0
0.5534722222222235;0.8305555555555562;0.3402777777777801;1941.0
0.5517361111111124;0.8277777777777784;0.33750000000000235;1943.0
0.5500000000000013;0.8250000000000006;0.3347222222222246;1945.0
0.5482638888888902;0.8222222222222229;0.3319444444444468;1947.0
0.5465277777777791;0.8194444444444451;0.32916666666666905;1949.0
0.544791666666668;0.8166666666666673;0.3263888888888913;1951.0
0.5430555555555568;0.8138888888888896;0.3236111111111135;1953.0
0.5413194444444458;0.8111111111111118;0.32083333333333575;1955.0
0.5395833333333346;0.808333333333334;0.318055555555558;1957.0
0.5378472222222236;0.8055555555555562;0.3152777777777802;1959.0
0.5361111111111124;0.8027777777777785;0.31250000000000244;1961.0
0.5343750000000014;0.8000000000000007;0.3097222222222247;1963.0
0.5326388888888902;0.7972222222222229;0.3069444444444469;1965.0
0.5309027777777792;0.7944444444444452;0.30416666666666914;1967.0
0.529166666666668;0.7916666666666674;0.30138888888889137;1969.0
0.527430555555557;0.7888888888888896;0.2986111111111136;1971.0
0.5256944444444458;0.7861111111111119;0.29583333333333584;1973.0
0.5239583333333347;0.7833333333333341;0.29305555555555807;1975.0
0.5222222222222236;0.7805555555555563;0.2902777777777803;1977.0
0.5204861111111125;0.7777777777777786;0.28750000000000253;1979.0
0.5187500000000014;0.7750000000000008;0.28472222222222476;1981.0
0.5170138888888903;0.772222222222223;0.281944444444447;1983.0
0.5152777777777792;0.7694444444444453;0.2791666666666692;1985.0
0.5135416666666681;0.7666666666666675;0.27638888888889146;1987.0
0.511805555555557;0.7638888888888897;0.2736111111111137;1989.0
0.5100694444444459;0.761111111111112;0.2708333333333359;1991.0
0.5083333333333347;0.7583333333333342;0.26805555555555816;1993.0
0.5065972222222237;0.7555555555555564;0.2652777777777804;1995.0
0.5048611111111125;0.7527777777777787;0.2625000000000026;1997.0
0.5031250000000015;0.7500000000000009;0.25972222222222485;1999.0
0.5013888888888903;0.7472222222222231;0.2569444444444471;2001.0
0.4996527777777793;0.7444444444444454;0.2541666666666693;2003.0
0.4979166666666682;0.7416666666666676;0.25138888888889155;2005.0
0.49618055555555707;0.7388888888888898;0.24861111111111378;2007.0
0.4944444444444459;0.736111111111112;0.245833333333336;2009.0
0.4927083333333348;0.7333333333333343;0.24305555555555824;2011.0
